Date,01-01-2017,01-02-2017,01-03-2017,01-04-2017,01-05-2017,01-06-2017,01-07-2017,01-08-2017,01-09-2017,01-10-2017,01-11-2017,01-12-2017,01-01-2018,01-02-2018,01-03-2018,01-04-2018,01-05-2018,01-06-2018,01-07-2018,01-08-2018,01-09-2018,01-10-2018,01-11-2018,01-12-2018,01-01-2019,01-02-2019,01-03-2019,01-04-2019,01-05-2019,01-06-2019,01-07-2019,01-08-2019,01-09-2019,01-10-2019,01-11-2019,01-12-2019,01-01-2020,01-02-2020,01-03-2020,01-04-2020,01-05-2020,01-06-2020,01-07-2020,01-08-2020,01-09-2020,01-10-2020,01-11-2020,01-12-2020,01-01-2021,01-02-2021,01-03-2021,01-04-2021,01-05-2021,01-06-2021,01-07-2021,01-08-2021,01-09-2021,01-10-2021,01-11-2021,01-12-2021
ACC,1413.5,1411.5,1446.05,1626.55,1637.05,1568.05,1733.2,1800.25,1656.9,1809.5,1667.9,1758.4,1715.25,1623.05,1507.5,1587.15,1354.6,1339.9,1529.75,1638.75,1552.35,1374.8,1485.5,1508.1,1423.35,1422.3,1666.3,1632.05,1686,1562.15,1560.4,1519.85,1608.15,1568.05,1522.15,1445.65,1504.6,1320.85,968.5,1179.1,1270.2,1332.25,1425.45,1321.8,1393.45,1649,1705.05,1617.65,1603.85,1733.2,1903.25,1882.75,1986.05,2014.8,2394.1,2413.2,2254.5,2333.4,2286.4,2262.2
Adani Enterprises Limited,47.48814,53.67277,59.14903,59.36699,63.64446,72.2539,75.14188,72.22665,63.37201,72.09043,79.88252,90.64432,116.1729,110.9146,85.22255,89.89113,77.63616,72.59944,125.4049,144.5252,130.6,170,165,161,137.15,128.85,146.75,127.05,154.75,150.5,128.8,137.35,145.85,199.65,214.9,208.35,229.45,218.65,137.6,141.4,148.35,156.25,175.25,279.55,297.1,339.7,398.4,479.55,506.65,833.65,1031.15,1158.7,1316.3,1507.55,1420.25,1587.6,1468.1,1423.6,1662.85,1708.1
Adani Green Energy Limited,0,0,0,0,0,0,0,0,0,0,0,0,0,0,0,0,0,0,60.4,57.4,40.85,39.65,46.75,41.85,35.6,33.05,37.15,40.05,43.3,44.4,46.8,46.4,58.25,89.7,137.1,166.45,189.45,154.95,153.25,210.45,248.6,358.85,340.65,452.75,737.6,856.4,1136.4,1052.6,1004.9,1159.85,1104.85,1018.95,1268.2,1124.9,882.3,1068.35,1146.6,1152.85,1295.4,1389.65
Adani Ports and Special Economic Zone Limited,293.35,301.75,339.6,327.7,339,363.05,395.9,392.95,376.75,430.35,398,405.65,428.85,408.35,354.1,407.3,392.15,373.15,399.75,383.15,328.9,318.85,365.65,387.7,338.65,325.85,378.15,392.8,416.4,410.2,377.55,365.7,413.95,395.8,382.05,366,369.4,342.2,251.3,290.1,323.8,343.9,315.2,355.75,341.75,359.85,411.55,483.75,509.7,675.9,702.4,730.05,769.55,703.7,674.5,748.3,737.9,693,683.85,737.45
Adani Transmission Limited,63.35,61.95,64.35,78,120.45,123.9,124.65,126.75,152.45,207.45,183.4,223.5,209.25,202.65,191.25,168.95,135.85,155.95,169.5,227.9,160.25,166.65,226.45,198.9,212.25,203.55,217.9,217.05,235.6,224.35,206.95,234.5,228.6,273.7,309.7,331.9,331.95,253.05,188.75,206.7,174.9,259.7,235.4,253.7,242.3,290.3,377.15,437.7,461,749.6,908.35,1049.85,1474.55,1062.95,903.75,1580.1,1552.35,1786.85,1807.75,1862.05
Ambuja Cements Limited,229.05,229.35,236.65,245.9,241.25,246.55,263.15,280.35,266.45,281.5,262.5,272.05,261.8,252.35,232.95,250.65,205.4,207.45,230.7,241.35,223.55,197.15,217.45,225.1,209.9,212.05,235.3,220.5,230.6,212.85,201.9,202.35,203.95,202.3,204.65,196.25,204.5,205.05,155.7,171.65,191.55,193.6,220.1,210.55,217,259.7,261.05,248.85,243.35,273.5,308.85,309.05,326.8,340.65,411.15,421.05,400.2,404.8,374.6,376.6
Apollo Hospitals Enterprise Limited,1230.05,1301.65,1165.15,1233.25,1211.1,1274.55,1259,1082.6,1005,1038.55,1106.3,1204.8,1162.8,1203.05,1064.65,1091,950.35,1047.45,951.9,1182.7,1042.25,1141.05,1264.8,1258.3,1325.65,1140.9,1227.6,1216.5,1238.8,1359.2,1351.6,1508.15,1395.5,1484.8,1441.2,1442,1660.2,1735.8,1139.05,1394.35,1356.95,1349.85,1674.6,1634.55,2148.05,2119.45,2347.9,2412.8,2561.25,3058.65,2902.65,3197.5,3168.75,3619.85,4035,4969.55,4481.6,4262.05,5687.75,5432.4
Asian Paints Limited,970.7,1024.2,1073.5,1120.45,1151.2,1102.95,1161.7,1168.55,1131.7,1180.85,1146.75,1158.5,1128.3,1117.75,1120.4,1201.7,1304.65,1264.45,1451.4,1372.45,1293.3,1230.4,1345.95,1373.05,1412.6,1405.2,1492.7,1463.15,1407.3,1358.15,1521.1,1616.2,1762.15,1809.6,1706.15,1784.95,1795.65,1797.95,1666.5,1758.7,1683.1,1687.45,1715.5,1899.1,1986.4,2211.5,2215.3,2764.5,2407.35,2277.2,2537.4,2536.4,2977.5,2992.7,2958.45,3201.35,3244.65,3100.1,3143.65,3110.45
Aurobindo Pharma Limited,681.8,677.2,675.2,606.75,574.15,684.6,718.6,725.25,691.65,760,692.85,687.95,629.55,613.9,557.85,642,556.3,607.1,591.55,712.75,744.45,791.55,810.7,732.95,787.8,712.05,784.25,819.05,672.4,608.05,571.25,600.7,589,469.85,449.9,456.85,481.4,505.5,413.15,625.85,745.65,771.7,874.6,808.9,796.5,772.65,868.55,921.3,905.25,855.2,881.3,980.85,997.95,965.2,916.6,727.3,724.8,689.35,660.25,674.15
Avenue Supermarts Limited,0,0,0,736.5,745.15,815.1,919.7,1039.8,1078.45,1140.6,1118.1,1181.35,1179.65,1348.15,1324.8,1490.65,1572.15,1485.4,1654.9,1604.5,1395.95,1337.95,1492.5,1606.65,1374.85,1455.8,1471.1,1295.5,1323.1,1397.9,1482.7,1571.15,1860.6,1994.65,1822.5,1838.35,2133.95,2323.95,2187.5,2383.65,2269.35,2317.15,2063.45,2251.25,2203.15,2239.9,2289.2,2763.6,2651.5,2994.2,2859.05,2852.9,3069.4,3344.1,3500.8,3954.8,4250.2,4635.45,4710.9,4799.05
Axis Bank Limited,466,506.65,490.8,509.65,514.05,517.35,519.8,500.35,509.15,523.15,535.4,563.95,593.6,528.75,510.5,517.3,545.9,510.8,550.4,649.25,613.25,582.4,625.75,619.9,722.7,709.55,777.25,766.85,808.3,808.55,674.1,663.9,685,736.35,739.05,754.1,729.3,697.3,379,444.9,384.95,406.65,431.65,496.75,424.65,492.5,601.6,620.45,662.9,724.8,697.45,714.9,750.7,748.3,708.9,786.5,766.55,742,655.65,673
Bajaj Auto Limited,2833.45,2755.9,2805.45,2864,2845.95,2791.2,2808.55,2814.5,3109.4,3257.1,3305.5,3333.6,3337.15,3020.6,2744.7,2952.6,2750.3,2810.3,2700.05,2744.85,2687.45,2593.7,2745.7,2720.15,2554.55,2900.6,2911.1,2984.1,2925.9,2827.05,2516.5,2788.3,2941.8,3247.35,3176,3185,3180.05,2890,2022.35,2623.3,2710.5,2826.05,3004.95,2967,2881.1,2886.9,3173.55,3444.05,4005.8,3798.7,3670.6,3833.75,4192.8,4133.85,3829.6,3727.85,3832.65,3707.25,3240.3,3287.85
Bajaj Finance Limited,1036.9,1108.2,1171.1,1276.2,1326.95,1373.1,1703.1,1781.9,1838.05,1800.6,1727.05,1756.7,1677.85,1640.25,1767.55,1907.7,2109.9,2296.35,2697.9,2856.6,2168,2382.55,2537.7,2645.15,2574.85,2649,3025,3095.95,3467.1,3681.1,3252.05,3332.5,4046.05,4027.55,4074.2,4234.75,4365.9,4465.85,2215.8,2318.1,1953.65,2831,3251.3,3487.8,3278.6,3309,4908.8,5295.2,4734.55,5264.9,5149.85,5451.9,5627.95,6015.85,6228.1,7524.5,7668.1,7400.2,6997.25,7069.25
Bajaj Finserv Ltd.,3245.85,3914.15,4098.4,4575.65,4192,4118.7,4991.85,5502.85,5154.45,5010.35,5214.1,5230.4,4812.35,5051.7,5171.55,5482.6,6042.25,5821.1,6977.3,6747.8,6006.2,5404.65,5994.35,6476.95,6091.9,6462.45,7037.05,7520.45,8187.95,8524.65,7097.85,7119.55,8513,8134.35,9110.25,9393.35,9441.4,9050.75,4591.2,5104.35,4404.9,5845.15,6205.9,6190.35,5852.35,5573.5,8758.8,8906.35,8722.75,9648.6,9668.6,11041.65,11806.3,12109.05,14222.2,17148.75,17786.75,17821.15,17237.35,17488.7
Bajaj Holdings & Investment Limited,1999.3,2064.05,2171.6,2109,2058.7,2111.55,2406.05,2915.9,2794,2980.1,2851.95,2882.75,2814.85,2728.1,2623.95,2704.8,2759.25,2888.1,2916.4,3124.8,3087.45,2778.9,2993.2,2950.05,2847.25,3165,3418.05,3100.05,3511.25,3607.25,3398.1,3251.75,3592.05,3666.15,3568.3,3410.75,3456.5,3381,1799.55,2039.8,2003.35,2548.3,2658.3,2679.35,2412.6,2306.05,3064.05,3079.5,3249.85,3631.25,3292.35,3421,3550.15,3611,4027.35,4349.65,4815.6,4834.5,5041.15,5424.25
Bandhan Bank Limited,0,0,0,0,0,0,0,0,0,0,0,0,0,0,,513.45,470.5,526.55,701.35,694.8,565.25,390.25,483.65,550.15,403.95,480.05,526.25,599.45,591.7,538.75,480.75,469.6,491.9,612.3,581.2,508.25,450.35,383.5,203.75,262.35,218.15,319.3,345.1,305.8,273,289.45,367,402.25,309.45,345.25,338.9,329.75,307.4,330.25,291.25,285,283,291.45,272.45,277.3
Bank of Baroda,165.15,165.3,172.95,187.55,178.05,161.65,166.05,137.85,137.6,169.9,169.1,160.65,156.8,141.95,142.3,148.95,136.85,112.65,153.35,152.95,99.5,110.65,105.05,118.8,112.45,101,128.65,116.65,133.25,121.6,106.7,92.6,93.05,97.2,104.9,101.9,92.7,76.3,53.55,49.2,38.95,48.6,46.8,48.95,41.05,41.7,51.35,61.45,68.05,85.4,74.1,66.75,80.7,85.9,80.3,77.35,81.75,97.5,85.75,88.6
Berger Paints India Limited,211.5,231.8,242.1,261.25,251.75,246.25,247.8,246,245.1,266.05,258.55,273.75,250.35,248.7,256.7,286.6,298.2,281,315.45,334.7,293.05,279.9,319.8,330.3,318.75,304.95,323.75,318.95,330.3,317.5,330.8,369.15,434.8,526.95,496.55,515.55,560.15,566.55,497.95,508.4,491.75,493.9,526.5,537.7,583.7,623.05,647.75,759.45,706.85,679.85,765,704,805.55,805.1,843.55,820.8,809,741.5,751.75,729.95
Bharat Petroleum Corporation Limited,454.4333,446.7,433.2333,479.5,495.1,426.2667,471.15,529,471.3,541.6,503.85,517.7,492.3,429.55,427.45,387.35,403.95,373.3,389.75,362.1,374.15,275.1,324.4,362.75,345.45,337.55,397.55,379.85,409.35,392.45,345.5,355.25,470.1,526.6,511.55,491.55,456.95,426.35,316.9,370,342.8,374,413.8,407.8,353.05,354.45,373,381.1,383.6,449.85,427.95,421.8,472,468.1,445.5,471.65,432.2,417.7,370,385.9
Bharti Airtel Limited,319.7097,335.2728,321.4083,326.4124,341.1492,348.6323,384.6708,392.7049,357.5846,456.5183,455.8297,486.3132,403.8608,393.4854,366.0777,376.04,343.0314,350.6982,358.6405,352.4428,310.8493,268.4294,287.8489,286.9307,281.3299,292.0266,305.8452,320.3,348.8,346.65,337.6,346.8,367.05,374.25,442.45,455.8,496.45,523.5,440.9,514.3,552.6,559.85,554.85,513.1,420.95,433.75,463.25,509.7,553.6,556.3,517.3,536.75,534.9,525.65,561.65,664.05,688.3,685.35,728.25,718.35
Biocon Limited,168.4917,187.075,188.7167,183.95,158.1083,165.525,192.35,168.5,166.075,179.6,216.075,268.65,307.45,315.025,296.95,333.8,332.7,309.775,293.2,312,345.675,329.5,312.175,314.525,324.15,310.725,305.275,296.75,270.95,250.55,226.55,235.6,222.95,246.1,281.65,293.7,294.35,286.9,270.55,353.95,354.7,390.1,409.6,376.15,447.7,403.6,429.35,465.4,371.8,390.2,408.9,379.65,388.2,404.45,386.35,358.85,362.7,351.1,360.4,366.85
Bosch Limited,22130.75,21583.25,22751.25,22991.6,23337.95,23327.25,24178.1,21986.8,20545.1,21012.2,20333.75,20165.55,19400.25,18687.3,18017.55,19404.8,18367.5,17509.95,18720.7,21990.35,19934.1,19746.5,18973.25,19611.2,18851.7,19026.3,18184.85,18018.95,17722.85,16338.65,14438.8,14476.85,14063.7,15305.35,16142.6,15374.6,13885.7,12128.45,9395.55,10612.45,9721.15,11418.1,13078.65,12814,13730.05,11610.15,12816.1,12785.4,15327.5,14854.9,14088.4,13509,15256.5,15025.15,14968.25,13859.2,15474.5,16952.3,16168.5,16500.2
Britannia Industries Limited,1565.225,1614.7,1687,1812.275,1766.325,1845.025,1960.8,2115.475,2172.125,2319.75,2407.8,2354.625,2342.075,2497.125,2485.3,2756.6,2961.975,3106.875,3271.1,3368.375,2911.75,2822.05,3169.75,3115.4,3197.7,3056.9,3085.5,2896.05,2921.95,2743.7,2605,2701.65,2944.15,3266.6,3057.7,3027.8,3200.7,2970.2,2688.95,3165.75,3378.85,3603.8,3823.6,3726.05,3798.15,3473.25,3637.95,3576.35,3501.1,3363.75,3625.05,3449,3447.85,3649.65,3423.4,3997.5,3948.95,3675.75,3545.5,3553.75
Cadila Healthcare Limited,350.55,440.25,442,440.25,464.1,525.15,543.65,500,470.35,503.45,428.75,433.5,425.8,405.1,377.85,412.35,361.3,377.4,381.45,402.75,385.95,360.05,365.3,348.45,318.95,318.7,347.05,325.45,248,241.7,227.8,225.25,233.3,251.75,254.15,254.3,265.55,260.05,267.25,323.95,344.6,353.1,388.4,371.25,395.05,417.7,450.1,476.75,451.5,435.2,440.9,571.15,618.3,645.2,586.1,554.15,551.85,502.8,465.25,460.45
Cholamandalam Investment and Finance Company Limited,205.77,194.74,193.01,222.36,205.57,224.84,239.64,232.57,218.45,230.24,255.75,259.91,257.21,293.99,290.09,348.29,305.74,302.52,286.13,295.23,233.35,254.1,262.8,251.94,234.46,246.22,290.48,277.76,306.54,285.65,259.65,268.7,307.8,305,312.15,305.5,327.55,306.5,152.85,159.45,141.7,189.4,202.5,232.2,249.15,273.25,388.7,387.65,397.85,518.9,558.8,571.75,549.3,513.25,475.75,554.05,564.25,614.75,550.5,567.85
Cipla Limited,575.35,583.7,592.95,557.45,516.35,555.6,560.1,571.9,586.1,627.6,600.9,608.5,592.15,589.65,545.45,607.4,524.8,616.65,641.35,662.15,654.05,629.25,540.85,519.5,517.3,554.55,528.9,565,558.85,553.45,521.1,472.45,425.5,466.85,466.7,478.2,446.9,402.1,422.85,589.6,648.15,640.25,720.15,713.55,774.7,754.5,745.6,819.95,825.9,787.05,815.1,910.35,949.35,971.9,920.05,947.8,983.55,905.05,971.3,912.05
Coal India Limited,309.2,321.9,292.65,276.65,262.55,244.25,249.1,237.4,270.85,286.45,275.8,262.95,299.55,309.15,283.3,285,296.25,264.35,261.1,285.95,266.25,266.15,244.9,240.75,224.65,228.3,237.2,252.15,253.5,253.8,204.45,184.75,199.85,207.55,205.25,211.35,181.7,168.4,140.05,148.5,141.3,132.85,129.25,134.35,116,114.2,125.55,135.45,125.9,152.2,130.35,133.05,147.7,146.65,143.3,145.85,185.1,164.45,152,159.75
Colgate-Palmolive Company,64.58,72.98,73.19,72.04,76.36,74.13,72.2,71.64,72.85,70.45,72.45,75.45,74.24,68.97,71.68,65.23,63.09,64.81,67.01,66.41,66.95,59.55,63.52,59.52,64.68,65.87,68.54,72.79,69.62,71.67,71.74,74.15,73.51,68.6,67.82,68.84,73.78,67.57,66.36,70.27,72.33,73.26,77.2,79.26,77.15,78.89,85.64,85.51,78,75.2,78.83,80.7,83.78,81.35,79.5,77.95,75.58,76.19,75.02,76.77
DLF Limited,134.95,150.45,148.65,186,179.55,190.7,193.35,185.05,164.3,201.35,233.25,259.35,250.1,226.25,201.25,223.1,209.9,188.8,196.3,220.8,162.55,164.75,178.1,177.55,164.85,164.7,202.45,172.75,191.2,188.55,178.15,168.15,155.6,183.3,219.7,230.9,260.45,201.7,137.45,146.85,150.65,148.05,141.15,158.35,152.65,158.3,187.2,232.85,255.45,302.5,287.05,247.3,288.45,281.1,337.65,320.55,417.2,398.6,374.8,386.2
Dabur India Limited,276,276.9,277.35,286.75,279.95,292.1,310,315.1,305,332.85,344.3,349.7,355.6,325.05,328.4,369.4,383.3,391.45,421.55,478.75,426.9,384.75,409.1,430.65,443.65,438.05,408.8,398.1,395.95,400.5,426.45,448.8,447.25,461.95,459.1,458.4,495.75,496.1,450.05,489.3,466.45,465.95,513.55,474.6,510.55,511.45,499.8,534,514.55,503.1,540.5,538.05,540.45,568.75,600.7,621.5,617.05,585.85,594.95,581.35
Divi's Laboratories Limited,699.7,759.5,624.15,627.95,583.4,646.85,671.9,696.8,855.05,881.25,1043.15,1098.2,1036.45,1023.3,1089.5,1196.75,1051.45,1038.35,1146.15,1305.15,1309.5,1484.8,1437.2,1482.2,1505.2,1651.55,1703.2,1742.95,1590.45,1596.85,1634.05,1628.9,1664.75,1756.2,1786.6,1846.1,1953.45,2106,1987.55,2332.85,2395.75,2278.85,2617.45,3109.55,3047.4,3140.35,3607.6,3842.45,3370.5,3368.25,3630.05,4063.2,4193.6,4405.85,4885.8,5171.8,4798.8,5153.55,4880.7,4757.1
Dr. Reddy's Laboratories Limited,3404.916,3236.1768,3024.4995,3077.2305,2910.7512,3174.4062,2756.3247,2424.8727,2687.7744,2739.7521,2638.0566,2829.3948,2595.8718,2555.9469,2462.5377,2433.9123,2146.1517,2425.626,2352.5559,2647.0962,2606.418,2563.4799,2895.6852,2839.941,2876.8527,2838.4344,3050.865,3155.5737,2870.8263,2822.6151,2772.8973,2693.0475,2854.2537,2949.1695,3067.4376,3056.8914,3290.4144,3025.2528,3038.0589,3856.1427,4025.6352,3993.2433,4580.064,4381.9461,5239.9548,4882.1373,4940.8947,5370.2757,4616.2224,4517.5401,4624.5087,5199.2766,5376.3021,5537.5083,4711.8915,4836.9393,4906.9962,4628.2752,4703.6052,4558.9716
Eicher Motors Limited,2302.845,2413.01,2558.75,2606.8,2843.5,2703.94,3008.12,3145.085,3121.33,3223.34,2994.405,3034.085,2692.36,2743.775,2837.265,3118.86,3078.065,2859.045,2779.855,2805.975,2418.54,2186.46,2340.53,2315.835,1900.575,1986.91,2054.77,2036.83,1994.775,1913.88,1634.805,1625.845,1776.52,2253.81,2288.14,2251.525,2028.93,1660.235,1309.59,1470.795,1654.845,1833.43,2063.87,2092,2202.8,2085.6,2534.65,2530.9,2744.3,2498.6,2603.95,2421.65,2676.15,2671.15,2530.25,2679.25,2790.2,2484.8,2370.45,2455.55
Gail India,131.6673,145.3782,141.3563,158.9813,155.25,135.5438,141.2813,141.8625,157.1438,174.45,175.65,187.3688,179.475,171.5625,164.275,162.55,175.45,170.125,187.575,186.1,189.5,187.125,171.525,180.15,166.075,171,173.825,177.975,180.5,155.975,128.85,129.8,134.5,137.35,126.05,121.05,120.45,104.4,76.55,95.7,92.35,102.15,96.65,95.65,86.8,84.75,102.65,123.25,125.3,141.8,135.5,137.2,159.95,149.65,139.55,146.15,158.85,148.85,129.8,132.25
Gland Pharma,0,0,0,0,0,0,0,0,0,0,0,0,0,0,0,0,0,0,0,0,0,0,0,0,0,0,0,0,0,0,0,0,0,0,0,0,0,0,0,0,0,0,0,0,0,0,0,2339.75,2116.3,2401.65,2478.3,2781.55,3153.85,3424.3,3930.45,3893.9,3719.9,3700.2,3585.35,3649.3
Godrej Consumer Prod,526.7833,549.6334,557.1334,580.9334,603.85,645.4,691.5,619.5333,612.7667,622.6,641,666.3,702.2667,713.6334,729.1,744.7,759.4334,817.1334,877.9334,968.1,768.65,724.85,750.35,810.65,709.3,672.85,686,651.8,688.05,663.1,598.75,608.95,687.3,740.35,725,684.55,672.65,560.5,520.85,543.2,633.8,690.8,691.85,651.3,724.95,664.8,699.75,740.15,744.65,686.4,729.65,691.75,856.55,870.25,987.8,1099.3,1029.9,956.65,923.1,913.1
Grasim Inds,705.2967,766.9922,812.5377,894.6823,894.6823,962.1097,1070.25,1195.2,1133.95,1227.1,1169.9,1165.75,1160.05,1152.7,1050.9,1093.7,1039.8,1006.85,1025.2,1067.5,1021.5,833.55,866.25,825.6,721,777.05,857.95,901.2,886.1,914.1,788.35,710.95,730.1,768.75,787.05,743.65,778.9,687.2,476.1,504.9,589.2,619.7,633.05,674.85,744.2,778.35,875.75,927.85,1055.65,1200.8,1450.55,1401.75,1471.2,1498.75,1551.35,1500.4,1669.45,1721.1,1662.45,1703.9
HCL Technologies,405.575,420.05,437.375,407.05,432.125,425.45,446.45,432.65,437.4,427.9,424,445.25,493.275,470.15,484.3,526.375,455.175,463.125,482.55,523.225,543.9,527.8,507.5,482.175,502.6,526.95,543.725,591.675,546.275,532.325,517.275,550.175,540.3,581.375,563.825,568.1,591.4,534.35,436.4,543.55,550.25,556.85,705.2,694.4,811.6,841.95,822.1,946.15,914,909.45,982.65,898.95,945.2,983.5,1024.95,1182.3,1279.55,1143.75,1138.65,1171.4
HDFC,1365.85,1370.05,1502.1,1537.15,1569.85,1614.95,1789.25,1776.9,1742.15,1707.4,1675.7,1710.4,1956.3,1808.7,1825.6,1883.25,1833,1908.1,1994.85,1935.95,1754.5,1769.25,1989,1968.35,1922.35,1841.2,1968.25,1995.05,2182.65,2192.1,2121.8,2166.45,1977.05,2131.9,2297.25,2412.55,2414,2175.75,1633.1,1916,1658.9,1754.65,1781.95,1832.6,1740.05,1923.55,2256.25,2558.65,2377.8,2539.4,2498.1,2420.1,2552.85,2475.25,2441.15,2798.5,2754.3,2844.7,2673.1,2771.65
HDFC AMC,0,0,0,0,0,0,0,0,0,0,0,0,0,0,0,0,0,0,0,0,1327.45,1400.5,1520.4,1504.95,1362.6,1370.4,1533.9,1695.05,1772.3,2061.6,2149.2,2552.2,2801.7,2994.3,3536.95,3199.7,3174.2,3141.4,2112.8,2530.75,2524.4,2483.35,2419.65,2410.9,2269.85,2250.2,2538.8,2918,2876.55,2937,2919,2776.35,2982.15,2917.45,2854.15,3074.3,2908.6,2647.2,2511.3,2579.35
HDFC Bank,596.83,655.53,688.5,719.43,766.1,817.13,833.6,895.13,883.8,900.05,915.35,924.1,931.8,974,937.18,961.7,994.25,1055.3,1057.58,1060.83,1028.47,982.65,974.73,1053.8,1058.72,1045.22,1041.68,1152.8,1183.97,1223.83,1236.2,1107.18,1122.95,1189.7,1240.05,1246.05,1268.4,1198.7,1134.9,813.85,929.05,1033.35,1073.95,1119.3,1106.95,1307.65,1385.6,1425.05,1597.6,1530,1486.75,1414.75,1500.95,1480.4,1492.65,1576.05,1582.7,1593.95,1513.55,1530.35
HDFC Life Insurance,0,0,0,0,0,0,0,0,0,0,0,386,427,461.2,454.45,518.05,491.15,456.15,502.7,461.75,391.6,372.3,396.7,387.15,371.6,352.25,378.5,404.55,441.65,464.05,493.5,557.15,601.15,626.2,571.5,626.05,599.2,544.1,441.35,501.05,523.2,549,627.1,574.8,559.4,589.75,646.8,676.5,677.95,700.65,696.2,665.1,665.9,686.3,664.05,717.75,722.4,680.45,680.8,690.45
Havells India,420.05,406.1,465.75,483.9,487.4,460,472.8,488.35,483.15,484.75,509.3,562.45,522.35,507.65,487.85,547.25,544.15,543.35,634.4,725.25,594.5,645.8,684.7,691.5,713.45,715.35,772.5,774.65,747.95,786.15,645.3,679.05,718.3,691.85,667.45,647.15,602.8,613.05,480.45,563.5,496.25,579.5,583.15,615.55,677.85,727.9,801.4,916.15,1044.75,1105.55,1050.4,990.25,1030.8,980.2,1173.65,1268.45,1373.1,1262.95,1360.35,1383.25
Hero MotoCorp,3172.35,3138.1,3221.95,3318.6,3745.45,3701.35,3655.75,3995.1,3774.55,3849.9,3633.65,3785.15,3691.45,3596.7,3542.8,3732.25,3544.9,3473.5,3294.45,3253.8,2933.25,2762.35,3055.2,3104.25,2613.95,2628.1,2553.15,2511.85,2680.25,2581.5,2356.1,2572.05,2704.75,2704.2,2433.55,2443.05,2501.85,2051.75,1596.45,2166.7,2360.85,2546.95,2676.5,3006.05,3147.3,2799.8,3108.85,3110,3256.05,3224,2913.6,2819.15,3007.5,2902.6,2763.3,2741.85,2832.5,2657.1,2449.3,2462.45
Hind. Petrol,347.5667,358.5,350.4333,357.4333,369.4667,340.2333,383.2,488.35,426.8,447.15,416.7,418.6,397.7,380.15,344.85,304.5,311.85,259.2,284.8,253.8,251.45,224.15,232.35,253.25,233.5,223.35,283.85,291.25,324.25,290.05,266.05,260.15,301.7,325.25,282.6,264.5,232.45,197.55,190.1,220.3,194.55,216.75,215,201.55,180.65,187.65,209.35,217.9,218.6,242.45,234.5,234.65,279.7,293.2,261.15,266.6,300,310.4,295.1,298.5
Hindalco Indus.,189.95,184.35,195.05,199.35,200.7,190.95,219.65,238,240.6,267.4,240.45,273.55,256.15,245.4,214.55,235.65,234.2,230.5,213.4,237.95,229.65,220.4,226.2,226.2,208.5,195.75,205.5,206.05,197,207.05,190.55,184.45,191.35,187.9,200.15,216.15,189.35,155.9,95.7,130.2,138.85,146.2,163.1,185.25,175.25,170.65,226.35,240.55,226.3,340.25,326.85,364.4,394.25,372.05,444.8,468.3,487.95,459.8,412.75,424.65
Hindustan Unilever L,855.4,865.9,911.75,934.95,1067,1079.6,1155.75,1219.75,1173.9,1237.45,1272.45,1367.85,1369.35,1317.75,1333.35,1508.9,1611.45,1641.15,1731.65,1780.1,1608.4,1621.7,1754,1819.65,1763.25,1732.65,1706.8,1757.7,1788.5,1787.6,1726.65,1881.9,1981.95,2175.35,2035.3,1923,2034.25,2174.75,2298.5,2195,2057.35,2180,2209.9,2117.35,2068.25,2071.3,2138.2,2395.4,2263.9,2132.05,2431.5,2353.75,2340.05,2471.3,2333.3,2724.1,2701.8,2393.15,2317.55,2343.65
ICICI Bank,244.5,251.2273,251.6818,253.1818,296.7727,290.15,302.6,298.05,276.6,300.1,307.55,314,352.95,313.25,278.35,284.2,285.8,275.4,304.25,342.6,305.55,355,355.15,360.15,364.45,350.15,400.5,407.5,423.7,437.1,424.6,409.65,433.7,463.05,512.6,538.9,525.65,497.25,323.75,380.15,331.95,351.45,346.8,394.6,354.75,392.6,473.35,535.05,537,597.75,582.1,600.5,662.75,630.9,682.5,719.05,700.85,802.05,714.35,716.3
ICICI Lombard Gen.,0,0,0,0,0,0,0,0,0,677,714.35,775.5,786.9,794.8,793.85,759.9,754.4,696.75,777.7,795.85,808.35,805.45,833.8,864.45,880.25,931.15,1033.3,1093.35,1176.5,1112.55,1207.35,1257.8,1209.85,1342.8,1362.9,1386.8,1318.4,1236.65,1081.65,1290.6,1300.7,1266.6,1303.6,1256.7,1299.5,1236,1451.4,1520.85,1315.5,1426,1433.2,1414,1471.9,1567,1475.75,1594.6,1589.5,1481.55,1437.35,1449.4
ICICI Pru Life,345.4,361.35,382.4,406,406.85,471.6,458.95,426.9,388.8,405.6,375.95,383.6,406.7,412.8,388.6,426.3,422.5,377.3,418.55,375.35,333.75,332.75,325.25,324.5,285.85,319.6,350.25,369.3,387.75,388.65,401.75,424.6,463.5,510.45,502.45,482.45,510.95,471.4,355.7,411.95,393.1,425.8,452.25,422.65,420.9,403.35,441.7,498.85,481,461.55,445.6,521.95,554.25,612.7,632.95,659.1,671.85,618.4,593.05,603.35
ITC Ltd.,258.1,262.2,280.3,278,311.8,323.65,285.25,282.25,258.3,265.7,256.05,263.25,271.4,265.05,255.5,281.45,271.65,266.2,297.7,319.85,297.75,280.1,285.8,281.65,278.65,276.05,297.25,301.35,278.55,273.85,270.2,245.65,259.85,257.65,246.4,237.7,235.15,197.55,171.7,182.05,197.35,194.65,194.15,191.1,171.7,165.25,193.65,209,203.25,203.85,218.5,202.6,216.6,202.7,204.95,211.3,236.15,223.2,221.15,221.65
Indian Oil Corp,183.2,192.525,193.525,220.025,214.725,192.6,183.825,227.35,200.25,207.75,196.75,194.275,208.8,189.65,176.6,162.3,174.1,156,164.35,155.55,153.35,138.45,134.6,137.05,136.85,144.6,162.85,158.05,165.55,155.9,139.3,122.45,147.4,146.8,131.4,125.55,113.45,105.75,81.65,84.2,83.2,85.35,88.45,85.8,73.9,79.55,84.6,90.95,93.25,98.05,91.85,90.85,109.25,107.9,103.15,110.85,125.3,127.95,118.95,122.2
Indraprastha Gas Ltd,187.9,208.63,202.99,211.54,214.87,211.33,235.82,255.12,294.38,317.03,326.6,335.8,304.65,304.7,279.45,287.7,265,254.3,303.95,290.4,242.95,267.3,263.15,267.25,283.55,292.8,305.45,312.8,336.75,314.65,303.1,335.65,349.7,391.55,413.45,428.15,507.5,442.4,387.95,476.65,472.1,442.3,403.7,394.45,386.8,402.25,496.4,502.35,515.8,491.95,512.35,508.95,528.85,557.75,557.75,545.85,533.1,473.9,484.25,505.8
Indus Towers,293.8,284.25,325.9,354.7,366.6,374.55,401.4,375.2,398.4,442.15,383.7,378.75,351.55,346.7,336.15,313.1,298.65,300.55,286.65,286.9,262.95,269.25,256.75,259,292.25,293.65,313.4,262.55,269,267.05,245.75,250.45,257.3,189.7,276.3,252.5,248.3,214.45,160,174.4,229.95,221.5,192.1,198.55,175.3,185.55,218.6,229.9,231.5,257.8,245,252.5,242.3,238.65,222.1,215.35,308.7,271.5,284.45,280.7
IndusInd Bank,1252.05,1312.6,1425.15,1444.95,1480.7,1478.95,1645.75,1656.75,1682.2,1627.15,1661.95,1648.9,1753.1,1680.75,1796.75,1898,1955.45,1932.2,1995.15,1906.6,1690.05,1425.1,1631.8,1599.3,1505.55,1473.85,1780,1606.5,1605.35,1410.5,1412.85,1395.75,1383.55,1313.2,1569.1,1510,1258.85,1104.05,351.3,468.15,393.65,474.8,523.75,630.2,527.4,585.7,857.65,894.95,846.1,1062.95,954.45,934.95,1013,1016.35,981,992.4,1111.9,1140.2,883,951.15
Info Edge (India),823.95,852.45,799.5,828.5,911.05,1028.05,991.35,955.1,1102,1135.55,1291.2,1381.2,1355.45,1275.6,1166.75,1239.55,1252.55,1185,1368.8,1621.7,1427.85,1573.45,1550.65,1439.7,1746,1784.7,1842.85,1937.5,2039.5,2246.45,2246,2026.9,2023.1,2570.8,2633.45,2530.8,2848.45,2598.9,2036.3,2553.35,2691.45,2759.75,3195.35,3259.7,3630.35,3548.2,4270.25,4766.8,4367.6,4898.8,4276.25,4920.8,4346.6,4914.4,5216.3,6188.15,6431.5,6082.9,5809.65,5820.65
Infosys,464.3,506.2,511.125,459.475,488.525,467.775,505.6,457.475,449.95,460.925,488.05,521.025,575.125,586.3,565.9,599.75,615.9,653.6,682.55,720.55,730.05,686.4,667.45,658.95,749.55,734.3,743.85,751.35,737.75,732,793.65,814.9,805.65,685.6,696.35,731.15,775.95,731.7,641.5,715.5,691,735.95,966,928.6,1008.25,1060.6,1100,1255.8,1239.05,1253.3,1368.05,1354.35,1393.75,1580.8,1610.5,1706.45,1675.2,1667.75,1712.65,1735.55
InterGlobe Aviation,903,856.9,1051.4,1105.85,1106.9,1166.55,1290.75,1228.3,1096.8,1247.85,1121.55,1205.5,1214.95,1335.7,1290.45,1402.8,1219.25,1088.5,929.7,928.85,826.1,888.9,1038.25,1165.05,1187.8,1125.35,1428.15,1517,1676.3,1557.95,1557.2,1690.45,1889.65,1456.85,1444.2,1333.55,1378.25,1300.05,1066.15,995.25,965.5,988.85,979.85,1199.15,1249.1,1309.5,1514.15,1723.3,1547.75,1619.95,1631.95,1643.4,1758.9,1716.95,1647.35,1904.15,2021.7,2175.2,1905.05,1875.65
JSW Steel,198.15,186.95,188.2,199,193.85,203.4,221.25,254.4,248.45,258.45,254.85,269.8,289.95,312.2,288.15,325,331.9,326.8,330.4,396.35,381.65,339.4,314.25,306.75,274.6,281.1,293.05,308.35,271.7,276.6,237.45,217.45,229.95,228,261.55,270.05,250.7,235.7,146.25,180.65,184.2,189.35,220.25,269.8,277.75,309,350.2,387.2,366.85,395.45,468.45,717.85,710.9,683.9,736.95,687.6,668.3,669.15,608.4,644.55
Jindal St & Pwr,80,125.45,121,114,121.75,123.2,153.4,137.1,134.65,163.1,171.95,205.05,266.45,254.4,219.1,252.1,229.55,223.05,205.45,220.75,196.35,171.35,154.05,164.9,135.1,156.85,179.7,178.1,160.05,142.05,135.1,96.6,103.55,116.25,161,167.7,175.9,153.9,82.2,95,121.55,161.5,184.85,205.1,186.85,191.5,244,266.45,261.75,335.9,343.6,441.5,407.2,397.45,431.75,376.95,389.25,417.3,343.55,359.45
Jubilant Foodworks L,438.075,505.375,553.675,521.075,457.45,473.2,658.875,697.25,695.475,816.325,887.6,880.55,1021.6,1017,1162.925,1270.125,1254.3,1386.45,1404.9,1549.35,1229.75,1083.5,1258.05,1252,1258.45,1268.75,1444,1328.5,1307.55,1232.95,1201.25,1189.2,1359.4,1600.9,1618.2,1652.3,1890.25,1756.85,1471.45,1608.5,1656.6,1727.25,1720.45,2097,2344.35,2174.75,2500.8,2791.15,2590.15,2994.9,2910.95,2891.7,3111.2,3080.2,3775.15,3995,4040.9,3689.3,3651,3800.55
Kotak Mahindra Bank,774.15,802.1,872.2,901.95,966.05,955.75,1021.65,976,1002.25,1025.05,1000.3,1010.2,1108.95,1090.55,1047.8,1211.1,1334.6,1342.95,1306.85,1287.25,1141.6,1119.15,1233.95,1256.5,1255.75,1213.1,1334.5,1386.55,1522.15,1477.1,1519.55,1431.45,1644.45,1574.5,1615.2,1684.35,1691.75,1620.35,1296.05,1357.2,1224,1360.45,1365.75,1401.35,1268.2,1547.4,1907.1,1995.6,1712.95,1780.35,1753,1748.8,1807.7,1705.85,1654.8,1753.7,2005.5,2031.15,1961.9,1914.2
L&T,964.1667,979.4667,1049.933,1166.533,1173.8,1125.067,1193.95,1136.3,1142.05,1222.3,1216.55,1258.25,1416.5,1318.15,1310.9,1400.9,1370.4,1275.1,1302.3,1369.55,1272.1,1297.5,1432.5,1437.55,1314.3,1292.95,1385.3,1348.55,1557.55,1553.2,1387.3,1328.25,1474.25,1473.05,1330.55,1298.2,1369.3,1187.55,808.5,897.55,932.25,943.65,913.45,944.95,901.6,929.5,1122.4,1287.6,1334.7,1442.5,1418.9,1340.45,1467.7,1500.55,1601.45,1672.2,1702.95,1766.65,1764.75,1801.25
L&T Infotech,668.75,711.4,714.85,709.5,800.6,788.75,764.3,754.15,798.95,830.25,1013.35,1118.85,1272.75,1440.1,1340.7,1568.95,1740.7,1671.4,1872.9,1797.75,1917,1766.45,1569.75,1731.2,1760.85,1719.55,1702.6,1716.85,1785.05,1829.45,1513.6,1626.45,1511.25,1721.85,1689.65,1750.5,1940.25,1910.15,1428.85,1592.95,1798.85,1957.9,2416.8,2458.35,2543.55,2918.5,3200.45,3659.5,3963.9,3599.85,4054.3,3890.25,3942.4,4071.3,4684.35,5312.45,5765.15,6682.3,6809.7,6848.85
Lupin Ltd.,1470.7,1474.1,1445.2,1338.35,1161,1059.85,1032,979.45,1014,1028.05,817.7,885.1,883.75,819.95,735.85,811.55,770.35,903.8,824.4,931.45,900.95,885.45,886.75,844.3,875.7,763.75,739.6,872.05,745.55,754.75,764.8,741,715.7,745.1,800.65,763.45,718.25,640,589.65,835.3,869.8,911.8,926.55,927.55,1007.4,909.25,891.8,976.85,1007.6,1018.35,1020.45,1069.5,1219.5,1149.1,1107.4,957.85,951.6,922.9,884.4,873
Mahi. & Mahi,1.20528,1.20528,1.20528,1.20528,1.20528,1.20528,1.212813,1.20528,1.20528,0.564975,0.564975,0.45198,0.45198,0.45198,0.45198,0.45198,0.45198,0.45198,0.45198,0.45198,0.45198,0.45198,0.45198,0.414315,0.37665,0.414315,0.414315,0.768366,0.418082,0.418082,0.418082,0.418082,1.88325,2.2599,2.2599,2.146905,10.5462,4.5198,5.838075,6.0264,5.12244,4.5198,3.7665,3.7665,13.5594,13.5594,4.5198,4.5198,15.066,29.3787,12.8061,11.2995,9.7929,6.7797,7.533,6.0264,0.7533,0.7533,0.07533,0.075
Marico Ltd.,257.25,281.2,294.85,315.2,314,314.35,334.7,315.45,310.75,315.25,306,322.5,309.4,308.15,326.05,332.55,321.85,331.65,364.1,369.45,333.05,321.3,356.75,373.4,366.75,339.7,346.65,359.4,371.95,370.55,366.8,391.1,394.25,365.85,359.9,341.6,315.35,298.75,274.85,287,343.8,351.9,363.45,368.9,363,356.65,367.7,402.65,415.6,397.55,411.3,411.45,475.2,530.8,546.7,544.45,547.5,568.45,538.35,531.75
Maruti Suzuki India,5894.25,5922.5,6015.7,6524.85,7211,7217.6,7750.05,7700.3,7978.2,8211.25,8599.1,9729.55,9509.7,8850.95,8861.1,8814.95,8537.2,8825.6,9520.55,9096.4,7347.95,6616.4,7661.6,7465.5,6641.15,6829.7,6672.55,6666.4,6869.85,6534.65,5469.7,6123.75,6715.8,7559.4,7245.85,7368.6,6913.5,6283.1,4288.3,5358.8,5610.8,5838.3,6262.75,6839.95,6743.45,6965.15,7035.8,7649.6,7206.65,6866.15,6859.2,6455.65,7086.3,7515.9,6977.7,6846.1,7338.05,7482.4,7067.8,7208.7
Muthoot Finance,306.4,355.55,369.4,393.1,412.9,454.65,473.2,475.25,474.45,492.95,442.65,474.4,414.6,390.4,407.55,451.85,386.15,379.3,404.2,409.65,402.75,408.5,452.05,516.6,498.15,528.45,615.7,594.95,650.05,643.7,608.5,606.9,676.55,707.4,678.35,761.35,762.7,879.7,611.6,863.55,861.95,1086.7,1273.35,1145.55,1131.25,1229.45,1153.75,1210.3,1106.4,1299.25,1206.2,1159.75,1311.75,1480.9,1555.5,1513.7,1449.2,1468.1,1430.8,1484.65
NMDC Ltd.,143.85,150.25,133.1,127.5,110.65,108.25,126.75,126.65,117.75,128.15,127.6,137.8,140.3,129.35,118.55,125,117.45,108.1,105.2,111.5,113.2,109.15,95.85,96.85,96.9,100.7,104.45,100.45,101.3,112.95,108.7,83.15,88.7,112.6,102.55,128.9,116.95,91.2,80,80.55,81.15,81.15,83.8,97.15,82.25,82.45,96.4,114.45,105.2,127,135.35,155.75,182.15,184.1,181.2,154.05,143,143.15,132.85,145.95
NTPC,143.625,135.7917,138.3333,137.0833,133.5,132.4583,136.8333,140.625,139.5417,151.0417,150.9583,147.5,141.875,136.0417,141.4167,143.4583,139.625,133.0417,129.0417,142.9167,139.0417,133.0417,116.9167,124.2083,116.4167,117.7083,134.7,134.05,133.25,141.35,126.55,121.65,117.5,122.4,116.35,119.05,112.85,106.55,84.2,95.05,97.85,95.8,87,96.4,85.1,87.6,94.7,99.35,88.95,107.3,106.55,102.45,110.5,116.4,118.2,115.95,141.85,132.65,127.25,127
Nestle India,5851.85,6254.25,6680.65,6697.75,6645.1,6736.8,6767.15,7121.25,7216.5,7239,7663.5,7870.9,7469.15,7761.65,8203.55,9396.55,9654,9810.1,10530.4,11582.25,9699.65,10147.85,10764.85,11084.85,11497.85,10639.75,10960.95,10905.3,11498.1,11912.6,11675.9,12875.2,13889.65,14947,14453.95,14785.35,15359.45,15778.85,16300.6,17924.65,17540.8,17174.45,16522.2,15949.55,15918.65,17161.6,17888.95,18390.25,17060,16101.6,17165.2,16309.25,17695.55,17633,17702.65,19467.75,19445.55,19000.15,19152.55,19321.35
ONGC,202.55,193.55,185,186.55,177,157.3,169.4,156.95,170.95,191.1,180.65,195.2,203.45,188.3,177.8,180.55,177.9,158.4,165.7,180.05,177.2,153.25,140.3,149.9,141.25,148.65,159.75,169.2,171.95,167.75,138.85,121.2,131.8,141.7,131.75,128.8,108.95,91.95,68.3,79.9,83.2,81.35,78.3,81.95,69.25,64.9,78.5,93.05,88.3,111,102.15,108.15,113.65,117.7,115.3,120.55,144.5,149.05,142.1,145.9
P&G Hygiene&Heath,6920.1,7081.25,7510.2,7368,7449.75,8046.25,8065.4,8271.75,8417.8,8658.45,9400,9380.95,9244.1,9398.6,9443.5,9506.5,9274.75,9901.6,10312.15,10240.4,9672,9367.85,9545.1,9852.4,9899.85,10656.3,10745.9,10160.2,10992.15,10705.65,10932.75,10204.15,12126.15,12230.2,11374.6,11461.35,10942.35,11051.25,10447.3,10500.1,9897,10155.1,10339.3,9986.55,9934.8,10142.45,10552.4,11073.75,11337.65,12903.7,12457,13564.85,13131.05,13329.3,12690.5,13873.9,14025.55,14181.7,15060.35,15127.95
PI Industries,870.75,849.4,838.15,870.1,818.85,837.5,765.75,721.7,740.5,820.8,952.35,962.5,890.85,872.6,885.2,867.8,846.95,753.05,806.4,771.6,711.9,775.8,821.95,862.45,852.5,922.3,1031.95,1044.15,1137.4,1173.15,1099.65,1141.4,1307.05,1428.5,1481.85,1445.9,1556.85,1531.25,1170.05,1589.55,1539.2,1503.95,1760.55,1838.5,1971.5,2197.2,2208.4,2195.05,2018.7,2177.1,2258.15,2511.65,2614.95,2910.4,2950.2,3394,3178.35,2999.95,2869.5,2891.55
Pidilite Inds,673.5,682.15,699.15,719.8,770.15,805.6,795.85,835.9,794.5,781.8,842.2,902.2,896.3,900.95,917.8,1086.2,1157.6,1063.5,1123.45,1168.65,1045.85,958.85,1163.3,1107.85,1119.75,1152.45,1246.25,1234.55,1289.65,1214.45,1240.6,1377.7,1443.75,1401.6,1303,1386.9,1512.05,1513.1,1356.4,1527,1468.4,1372.1,1357,1402.8,1434.25,1570.4,1542.55,1765.65,1670.25,1685.95,1809.4,1815.8,2090.55,2153.95,2278.8,2280.35,2381.95,2313.65,2205.85,2208.45
Piramal Enterprises,1637.837,1790.296,1846.825,2422.596,2654.001,2713.975,2865.269,2633.524,2544.873,2667.248,2691.897,2782.538,2677.56,2520.938,2374.81,2537.582,2314.875,2475.792,2615.868,3123.414,2244.495,2120.964,2147.515,2324.929,1983.962,2271.046,2697.327,2305.65,2169.917,1899.965,1765.696,1981.961,1593.505,1644.02,1767.258,1523.55,1545.25,1306.55,939.5,988.75,967.7,1363.8,1473.4,1367.3,1253.5,1262.25,1388.1,1428.65,1311.45,1829.25,1753.15,1680.2,1816.2,2398.25,2318.6,2606.65,2595.8,2601.75,2418.35,2528.05
Power Grid Corpo,155.4,144.1125,147.975,156,155.9625,157.9125,167.475,164.4375,158.25,158.8875,154.5375,150.2625,145.35,148.275,144.9375,155.8875,157.0875,140.1375,136.725,151.125,141.3,139.4625,135.1125,148.9875,141.45,137.1375,148.425,139.8,141.975,155.175,158.1,150.375,149.2875,148.7625,144.975,142.6875,140.1375,136.125,119.325,121.5375,118.1625,131.1375,133.725,134.2125,121.8375,128.25,144.3,142.3875,138.3375,160.725,161.7375,165.0375,169.2375,174.3,171.15,175.35,189.9,185.05,206.75,206.1
Punjab National Bank,135.55,141.4,149.9,168.85,150.5,137.3,162.3,143.8,129.05,197.15,176.1,171.4,171.35,101.4,95.3,95.4,83.65,76.15,85.1,88.15,59.7,73.65,69.9,78.1,77.5,72.3,95.5,84.9,80.65,79.55,69.2,64.9,61.95,65.35,65.6,64.35,60.45,45.05,32.35,32.3,26.75,34.75,31.95,35.05,28.55,26.75,33.45,33.05,33.35,40.85,36.65,34.85,42.4,42.3,39.5,36.65,40.1,42.1,37.3,38.5
Reliance Inds,517.6928,613.2123,654.2484,691.0496,664.0554,683.5209,800.0167,789.7639,773.5674,932.0154,912.8967,912.4014,952.2734,945.5868,874.4114,954.2546,912.6985,963.3187,1174.864,1229.991,1246.138,1051.285,1156.587,1110.721,1215.627,1219.49,1350.449,1379.722,1317.66,1241.333,1155.299,1236.826,1319.74,1450.6,1536.585,1499.833,1398.395,1316.174,1103.292,1452.234,1464.4,1704.1,2067.1,2080.7,2234.35,2054.5,1929.8,1985.3,1841.95,2085.8,2003.1,1994.5,2160.3,2110.65,2035.3,2258.15,2519.25,2536.25,2405.4,2408.25
SBI,260.35,269.2,293.4,289.75,288.3,273.65,312.5,277.75,253.85,305.8,320.35,309.9,313.25,268,249.9,246.4,269.55,259.35,293.5,309.6,265.5,281.4,284.65,295.9,293.65,269.05,320.75,309.95,352.5,361.25,332.2,273.85,270.8,312.4,341.85,333.75,318.45,303,196.85,190.5,161.3,178.45,191.45,212,185.4,189.25,244.25,274.95,282.1,390.15,364.3,353.5,424.35,419.2,431.8,426.05,453,502.15,460.55,473.15
Shree Cement,15456.1,16111.25,17083.2,19187.55,18004.85,16953.3,18601.7,17591.05,18580.1,18930.4,17197.45,18074.5,17206.3,16623.45,16196.45,16943.8,16880.6,15554.2,17018.1,18925.8,16892.25,13917.35,16487.35,17236.1,15714.7,16592.8,18667.65,19789.5,21618.75,21820.8,20164.25,18573.8,18888.15,19903.05,20996.55,20363.95,23006.9,22670.95,17546.35,19767.9,20857.3,23051.05,21711.15,20283,20256.95,21694.55,24306.35,24013.2,22773.35,26501.7,29465.4,27910.5,27578,27504.6,28265.75,28287.9,28901.55,28635.25,26102.25,25914.05
Siemens Ltd.,1148.85,1206.25,1257.8,1320.6,1373.55,1333.95,1451.85,1285.3,1199.2,1272.85,1195.6,1236.8,1297.55,1164.35,1073.05,1121.05,1042.75,978.95,984.4,1019,941.4,929.05,949.25,1047.15,1027.9,994.05,1127.95,1171.15,1271.65,1310.25,1144.05,1204.05,1514.8,1658.7,1470.2,1496.85,1500.45,1302.45,1111.55,1139.75,1089.85,1095.15,1161.25,1160.35,1264.8,1267.8,1513.9,1576.35,1585.65,1850.15,1844.1,1881.8,2083.25,2022.2,1948.2,2272.9,2127.55,2184.4,2152.2,2185.95
Steel Authority,63.55,61.2,61.3,60.35,57.15,58.35,63.25,60.8,53.65,78,76.8,92.15,88.9,83.2,70.2,77.65,75.95,83,77.5,79.85,68.25,64.45,55.3,56.35,47,48.25,53.75,55.8,50.15,50.75,42.75,31.2,33.45,36.6,39.35,42.9,46.5,35.55,23.05,31.85,30.15,30.4,34,38.5,33.75,34.35,48.45,74.1,57.65,76.55,78.8,119.5,126.6,130.6,142.05,121.6,113.65,115.1,100.05,104
Sun Pharma,631.5,679,688.15,641.95,501.6,555.7,531.65,481.15,503.25,552.9,539.95,571.15,579.9,535.35,495.1,528.4,480.35,564,568.5,652.85,623.25,580.25,492.6,430.5,423.45,445.15,478.85,457.65,409.85,400.95,426.75,450.4,389.45,433.4,449.85,432.55,434.3,372.9,352.3,464.45,474.25,472.95,531.7,520.25,500.45,465.75,511.65,592.35,586.2,594.6,597.8,654.45,668.3,675.45,773.95,794.05,818.25,795,753.6,751.8
Tata Consultancy,1114.9,1233.125,1215.9,1136.575,1273.3,1181.175,1245.9,1248.175,1217.975,1312,1318.5,1350.6,1556.175,1517.525,1424.575,1766.05,1741.05,1847.75,1940.2,2078.4,2183.7,1938.15,1968.25,1893.05,2014.1,1983.45,2001.65,2260.35,2196.55,2227.2,2205.7,2259.6,2099.3,2269.65,2053.25,2161.7,2079.05,2000.15,1826.1,2014.45,1972.35,2082.15,2281.4,2257.25,2492.3,2664.85,2679.65,2862.75,3111.35,2894.3,3177.85,3035.65,3159.15,3345.75,3167.45,3786.45,3775.55,3397.75,3529.15,3640.45
Tata Consumer Produc,128.85,138.05,150.55,153.1,149.4,150.65,169.55,198,205.8,226.95,287.1,316.4,290.65,275.5,258.75,297.55,269.2,269.35,246.9,234.3,233.75,217.85,218.65,219.4,203.8,193.7,203.95,209.2,244,269.7,251.6,278.5,276,317,323.15,321.35,383.4,346.15,294.85,351.6,366.9,387.45,428.05,532.35,499.95,492.85,538,589.9,559.8,609.15,638.9,669.5,663.85,754.4,756.25,864.95,813.6,809.5,778.6,774.3
Tata Motors Ltd.,2934.857,2530.335,2685.515,2687.021,2774.404,2486.643,2594.365,2249.354,2355.569,2467.811,2349.543,2491.163,2332.217,2110.747,1935.981,1892.29,1572.89,1472.701,1371.006,1397.371,1157.069,919.7793,919.026,917.5194,984.5631,941.625,946.1448,1160.082,942.3783,879.8544,731.4543,619.2126,632.0187,909.9864,845.2026,961.9641,913.7529,690.0228,355.5576,445.9536,430.1343,494.9181,513.7506,733.7142,684.7497,660.6441,899.4402,949.158,1341.627,1656.507,1566.111,1457.636,1636.921,1716.017,1482.494,1482.494,1688.145,2378.921,2300.578,467.2
Tata Steel,441.1647,459.886,459.886,428.0169,480.8462,519.956,540.2969,607.8936,621.7083,670.5361,661.3422,697.7843,705.05,671.6,571.05,594.95,575.65,567.75,563.05,600.5,581.25,553.85,529.5,521.05,476.7,500.45,521,557.2,488.3,504.4,432.05,344.9,360.5,380.55,427.5,472.05,438.7,381.75,269.6,298.3,295.2,326.7,366.3,413,359.75,410.55,577.35,643.65,601,715.15,811.85,1034,1125.65,1166.6,1434.3,1450.25,1288.9,1315.95,1071.2,1118
Tech Mahindra,452.2,499.4,459.15,416.95,390,382,385.85,428.15,457.85,482.05,489.25,504.05,612.65,612.65,638.7,670.6,712.35,655.45,680.75,765.8,745.5,743.9,705.95,723.15,731.9,830.15,775.9,836.1,760.35,706.6,636.25,693.65,714.5,739,761.45,762.3,796.6,744.4,565.5,546.25,530.45,543.4,681.65,741,791.75,813.3,876.85,973.2,961.4,918.85,991.45,960.4,1021.65,1095.45,1209.55,1447.65,1380.6,1477.85,1541.45,1593.3
Titan Company,362.05,437.2,462.75,470.25,474.9,524.45,544.25,617.1,584.55,635.25,818.9,858.15,869.55,816.15,942.3,981.8,900.1,878.5,912.35,891.9,805.6,844.6,927.1,931,995.8,1025.2,1141.85,1158.55,1235.75,1334.7,1056.35,1105.1,1273.05,1331.2,1159.7,1187.95,1187.75,1254.5,933.7,970.05,890,949.85,1043.25,1100.5,1201.35,1165.75,1361.2,1567.15,1420.3,1406.9,1558.05,1491.65,1596.25,1732.5,1714.55,1921.6,2161.85,2383.55,2375.5,2369.25
Torrent Pharmancy,1299,1360.5,1549.25,1416.05,1224.15,1213,1316.75,1202.7,1231.25,1271.4,1287.9,1416.65,1362.95,1369.25,1247.9,1415.45,1410.25,1402.5,1526.2,1813.05,1650.25,1665.25,1768.75,1771.25,1817.1,1805.65,1952.2,1792.15,1562.85,1548.8,1669.25,1707.55,1666.4,1775,1896.9,1846.95,1930.35,2149.1,1971.5,2344.5,2364.8,2370.9,2662.7,2661,2800.2,2564.7,2611.1,2800.7,2604,2429.55,2541.2,2509.7,2740,2902.65,3069.7,3104.4,3076.8,2860.25,3043.35,2984.35
UPL,483.1667,478.8667,484.6,537.4334,574.2,560.2667,584.7667,552.0333,519,532.8666,487.5667,508.4667,501.3667,485.8333,486.8333,486.5667,471.7333,412.5333,429.3667,476.8667,442.8667,449.5667,505.2,505.5,524.3333,585.0667,639.2333,646.1,665.9667,624.9667,595.25,563.2,603.95,596.45,573.25,584.5,526.55,519.7,326.5,420.05,405.85,425.2,478.15,505.95,502.9,453.25,417.7,466.35,560.65,561.55,641.85,606.9,815.1,792.85,808.55,741.25,707.7,740.2,681.7,716.55
UltraTech Cement,3694.45,3774.55,3984.75,4248.95,4195.2,3959.1,4056.9,4000.4,3854.2,4401.05,4203.8,4320.6,4382,4155.6,3950,4108.85,3744.9,3818.6,4193.8,4475.5,4059.95,3499.4,3999.65,3990.95,3519.35,3826.5,3998.35,4616.8,4760.1,4555.85,4346.9,4052.25,4341.25,4143.2,4259.1,4046.05,4416.1,4219.6,3244.85,3534.3,3904.85,3893.55,4117.3,3903.85,4049.55,4574.05,4802,5288.15,5327.25,6115,6737.95,6278.95,6708,6776,7619.2,7832.45,7396.1,7636.05,7433.75,7332.45
United Spirits,435.7,469.02,434.94,375.19,453.07,479.67,507.14,508.58,479.53,610.27,656.93,733.77,657.12,658.39,625.93,724.44,668.72,664.95,587.05,630.25,514.3,576.8,672.4,635.8,539.8,546.25,553.9,561.1,554.05,584.95,594.05,628.25,667,624.95,606.25,599.55,619,686.35,484.6,536.65,594.1,592.3,581.2,546.65,515.85,504.3,548.4,578.25,578.7,535.1,556.35,519.55,612.45,661.65,640.75,715.15,853.1,947.35,882.95,895.15
Vedanta,253.1,259.1,274.95,243.55,238.65,249.05,279.85,308.9,314.25,331.85,295.45,329.9,340.35,329.75,277.85,298.4,248.3,236.2,222.2,227.7,232.3,211.15,195.85,202.2,197.35,169.4,184.45,166.85,160.55,174.35,154.1,139.15,154.15,148.35,144.6,152.45,137.9,114,64.7,89.55,92.2,106.4,113.8,128.65,136.9,95.75,120.75,161.4,161.25,207.3,228.75,257.25,274.2,262.85,301.85,302.8,287.65,304,338.85,337.3
Wipro,347.648,368.3637,385.313,371.0003,406.0287,391.716,463.2795,447.4602,427.8744,403.7688,406.0287,412.0551,413.5617,415.0683,388.7028,360.0774,346.518,360.8307,381.1698,387.9495,392.4693,389.4561,393.2226,386.4429,428.6277,421.848,299.8134,344.2581,332.9586,326.1789,308.0997,287.7606,274.9545,299.8134,273.4479,282.4875,273.4479,259.8885,233.523,247.8357,249.3423,249.3423,325.4256,323.919,354.051,364.5972,387.9495,425.6145,463.2795,461.7729,477.5922,539.3628,597.3669,588.3273,627.4989,703.5822,665.1639,674.9568,643.3182,624.5
Yes Bank Ltd.,279.2,290.54,309.35,326.05,286.27,292.7,361.9,350.61,350,314.25,306.9,315.15,354.4,322.3,304.85,362,346.2,339.65,367.95,343.5,183.65,188.1,169.8,181.8,194.1,231.15,275.1,168,147.8,108.75,91.2,59.95,41.4,70.4,68.3,46.95,39.25,34.6,22.45,27.9,26.85,25.6,11.95,14.35,13.15,12.4,14.7,17.85,15.75,15.75,15.6,14.55,13.5,13.55,12.75,10.8,12.55,12.8,12.4,12.55
